<?xml version="1.0" encoding="UTF-8"?>
<jcr:root xmlns:cq="http://www.day.com/jcr/cq/1.0" xmlns:jcr="http://www.jcp.org/jcr/1.0" xmlns:sling="http://sling.apache.org/jcr/sling/1.0"
    jcr:primaryType="nt:unstructured"
    jcr:mixinTypes="[cq:ComponentMixin]">
    <cq:dialog jcr:primaryType="nt:unstructured"
      jcr:title="Empty (no search result) Component"
      sling:resourceType="cq/gui/components/authoring/dialog">
    <content
      jcr:primaryType="nt:unstructured"
      sling:resourceType="granite/ui/components/coral/foundation/fixedcolumns">
      <items  jcr:primaryType="nt:unstructured">
        <column
          jcr:primaryType="nt:unstructured"
          sling:resourceType="granite/ui/components/coral/foundation/container">
          <items jcr:primaryType="nt:unstructured">
            <noResultTitle
              jcr:primaryType="nt:unstructured"
              sling:resourceType="granite/ui/components/coral/foundation/form/textfield"
              fieldLabel="No Result Title"
              name="./noResultTitle"/>
            <noResultText
              jcr:primaryType="nt:unstructured"
              sling:resourceType="granite/ui/components/coral/foundation/form/textarea"
              fieldLabel="No Result Text"
              name="./noResultText"/>
          </items>
        </column>
      </items>
    </content>
  </cq:dialog>
</jcr:root>